{"state":"on","running":true,"program":"Bread - Sourdough In-Machine","programId":1,"stage":"Proof","stageIdx":5,"stageTemperature":27.0,"timeLeft":1142,"adjustedTimeLeft":1142,"stage_ready_at":496780936,"stageReadyAt":496780,"temperature":26.5,"temp":26.5,"rawTemperature":28.4,"tempRaw":28.4,"setpoint":27.0,"heater":false,"motor":false,"light":false,"buzzer":false,"manualMode":false,"mixIdx":0,"program_ready_at":489936936,"programReadyAt":1757131561,"predictedCompleteTime":489936936,"startupDelayComplete":true,"startupDelayRemainingMs":0,"fermentationFactor":1.568,"initialFermentTemp":20.9,"fermentScheduledElapsed":4102.0,"fermentRealElapsed":2454.2,"fermentAccumulatedMinutes":68.37,"predictedStageEndTimes":[1757108265,1757110923,1757111344,0,1757134804,1757138405,1757167085,1757169185,1757169785],"actualStageStartTimes":[0,1757108265,1757110923,1757111344,0,1757134804,0,0,0,0,0,0,0,0,0,0,0,0,0,0],"actualStageEndTimes":[0,0,0,1757134744,0,0,0,0,0,0,0,0,0,0,0,0,0,0,0,0],"adjustedStageDurations":[1200,1800,420,23400,60,3600,1800,2100,600,0,0,0,0,0,0,0,0,0,0,0],"stageStatus":[2,2,2,2,2,1,3,3,3,0,0,0,0,0,0,0,0,0,0,0],"stageTemperatures":[0.0,24.0,0.0,21.0,0.0,27.0,180.0,175.0,0.0,0,0,0,0,0,0,0,0,0,0,0],"stageOriginalDurations":[1200,1800,420,23400,60,3600,1800,2100,600,0,0,0,0,0,0,0,0,0,0,0],"predictedProgramEnd":1757142030,"totalProgramDuration":0,"elapsedTime":0,"remainingTime":0,"uptime_sec":76615,"firmware_version":"ESP32-WebServer","build_date":"Sep  5 2025 09:18:43","free_heap":137980,"connected":true,"ip":"192.168.250.125","wifi":{"connected":true,"ssid":"RawInternet","rssi":-51,"ip":"192.168.250.125"},"pid_kp":0.110000,"pid_ki":0.000050,"pid_kd":7.000000,"pid_output":0.000,"pid_input":26.5,"pid_p":0.042,"pid_i":-0.130,"pid_d":0.013,"safety":{"emergencyShutdown":false,"temperatureValid":true,"heatingEffective":true,"pidSaturated":false,"invalidTempCount":0,"zeroTempCount":0,"avgLoopTimeUs":486,"maxLoopTimeUs":7741979,"maxSafeTemp":235.0,"emergencyTemp":240.0},"status":"ok","finishBy":{"active":false},"scheduledStart":0,"scheduledStartStage":-1}